Ковшутин,Игнатий,Вячеславович,02.09.1984,ignatiy02091984,ignatiy02091984@gmail.com
Башкатов,Данила,Валентинович,05.05.1995,danila95,danila95@gmail.com
Яфаева,Василиса,Арсеньевна,09.11.1976,vasilisa1976,vasilisa1976@rambler.ru
Нилова,Виктория,Саввановна,05.04.1984,viktoriya.nilova,viktoriya.nilova@hotmail.com
Полотенцев,Вениамин,Аркадьевич,22.06.1991,veniamin22061991,veniamin22061991@outlook.com
Мандрыка,Евгения,Никандровна,04.07.1993,evgeniya04071993,evgeniya04071993@mail.ru
Розанова,Юлия,Семеновна,04.05.1977,yuliya9103,yuliya9103@gmail.com
Меликов,Николай,Акимович,15.09.1978,nikolay1978,nikolay1978@ya.ru
Еркулаева,Альбина,Константиновна,27.05.1993,albina.erkulaeva,albina.erkulaeva@hotmail.com
Меледин,Константин,Аркадьевич,15.07.1963,konstantin77,konstantin77@outlook.com
Дудченко,Маргарита,Тимофеевна,02.03.1971,margarita44,margarita44@outlook.com
Евстигнеев,Леонтий,Иннокентиевич,25.11.1965,leontiy25111965,leontiy25111965@hotmail.com
Мухин,Семен,Себастьянович,24.02.1969,semen15,semen15@gmail.com
Ковальчук,Инна,Константиновна,19.09.1964,inna19091964,inna19091964@gmail.com
Погребняк,Альбина,Михайловна,14.02.1973,albina1973,albina1973@mail.ru
Миров,Ефрем,Витальевич,05.08.1968,efrem1896,efrem1896@ya.ru
Попырина,Татьяна,Лаврентьевна,13.09.1963,tatyana1963,tatyana1963@hotmail.com
Друганина,Ирина,Никандровна,28.09.1977,irina28091977,irina28091977@yandex.ru
Углицкий,Семен,Панкратович,23.08.1993,semen42,semen42@yandex.ru
Лосев,Никифор,Яковлевич,04.03.1963,nikifor1963,nikifor1963@mail.ru
Киреев,Игнат,Ефимович,22.02.1982,ignat.kireev,ignat.kireev@rambler.ru
Покалюк,Иван,Васильевич,24.01.1975,ivan23,ivan23@ya.ru
Нуряева,Наталия,Ипполитовна,09.10.1975,nataliya8189,nataliya8189@gmail.com
Мысляев,Арсений,Панкратович,07.05.1979,arseniy1979,arseniy1979@rambler.ru
Спирьянова,Екатерина,Герасимовна,02.12.1960,ekaterina02121960,ekaterina02121960@ya.ru
Разудалов,Яков,Петрович,13.12.1989,yakov13121989,yakov13121989@gmail.com
Счастливцев,Емельян,Тимофеевич,07.06.1977,emelyan07061977,emelyan07061977@mail.ru
Крайнов,Константин,Акимович,28.03.1994,konstantin1994,konstantin1994@outlook.com
Лекомцев,Игнат,Себастьянович,18.11.1986,ignat18111986,ignat18111986@ya.ru
Мухаметов,Евгений,Ефимович,25.02.1963,evgeniy7560,evgeniy7560@hotmail.com
Махнёв,Данила,Фадеевич,22.10.1973,danila.mahnev,danila.mahnev@hotmail.com
Серова,Алина,Викторовна,28.03.1984,alina.serova,alina.serova@hotmail.com
Филатова,Вера,Макаровна,24.09.1981,vera1981,vera1981@hotmail.com
Томсина,Таисия,Никифоровна,14.12.1988,taisiya6512,taisiya6512@mail.ru
Бухаров,Емельян,Ростиславович,28.10.1974,emelyan.buharov,emelyan.buharov@outlook.com
Глен,Прохор,Кузьмич,15.01.1996,prohor1996,prohor1996@ya.ru
Витюгова,Карина,Афанасьевна,08.08.1965,karina9953,karina9953@ya.ru
Жванецкий,Леонтий,Власович,04.06.1983,leontiy04061983,leontiy04061983@outlook.com
Валиева,Евгения,Юрьевна,03.10.1960,evgeniya.valieva,evgeniya.valieva@hotmail.com
Фомина,Людмила,Саввановна,16.09.1968,lyudmila16091968,lyudmila16091968@mail.ru
Чубаров,Антон,Ефимович,02.06.1989,anton3870,anton3870@yandex.ru
Холопов,Афанасий,Георгиевич,05.03.1989,afanasiy43,afanasiy43@ya.ru
Русинова,Мария,Климентьевна,12.05.1995,mariya88,mariya88@hotmail.com
Ковригина,Надежда,Афанасьевна,12.01.1981,nadejda1981,nadejda1981@hotmail.com
Покалюк,Ефрем,Леонтьевич,13.11.1964,efrem19,efrem19@mail.ru
Ефремова,Вероника,Тимофеевна,16.08.1966,veronika16081966,veronika16081966@gmail.com
Лившиц,Юлиана,Никитьевна,12.01.1972,yuliana12011972,yuliana12011972@ya.ru
Майструк,Марьямна,Порфирьевна,22.04.1968,maryamna22041968,maryamna22041968@outlook.com
Сарайкин,Юрий,Григорьевич,15.10.1994,yuriy1994,yuriy1994@gmail.com
Русаков,Никифор,Константинович,24.10.1996,nikifor5889,nikifor5889@rambler.ru
Власова,Наталия,Кузьминовна,20.09.1977,nataliya3424,nataliya3424@hotmail.com
Яшукова,Екатерина,Тарасовна,05.08.1990,ekaterina42,ekaterina42@yandex.ru
Коленко,Константин,Никандрович,21.12.1991,konstantin.kolenko,konstantin.kolenko@rambler.ru
Утюжин,Леонтий,Тимофеевич,21.04.1972,leontiy44,leontiy44@rambler.ru
Алимкин,Даниил,Емельянович,23.11.1981,daniil.alimkin,daniil.alimkin@hotmail.com
Ляпушкина,Валерия,Феоктистовна,27.11.1993,valeriya27111993,valeriya27111993@rambler.ru
Кравкова,Зоя,Саввановна,21.10.1965,zoya55,zoya55@outlook.com
Семичаевская,Жанна,Константиновна,01.06.1988,janna1988,janna1988@gmail.com
Марьин,Севастьян,Елизарович,20.02.1983,sevastyan44,sevastyan44@rambler.ru
Соломина,Наталия,Николаевна,24.04.1992,nataliya24041992,nataliya24041992@rambler.ru
Шитов,Сергей,Филиппович,17.03.1975,sergey17031975,sergey17031975@rambler.ru
Мятлева,Варвара,Евгеньевна,23.03.1987,varvara1987,varvara1987@gmail.com
Холодов,Емельян,Никандрович,20.01.1963,emelyan24,emelyan24@gmail.com
Куракина,Сюзанна,Данииловна,26.01.1984,syuzanna71,syuzanna71@rambler.ru
Корнейчук,Ева,Захаровна,15.08.1971,eva3685,eva3685@gmail.com
Твардовский,Игнат,Валентинович,16.01.1996,ignat.tvardovskiy,ignat.tvardovskiy@ya.ru
Эрдниев,Петр,Захарович,11.08.1965,petr14,petr14@ya.ru
Шмакова,Жанна,Александровна,25.11.1964,janna95,janna95@rambler.ru
Кокорин,Антон,Степанович,13.08.1992,anton.kokorin,anton.kokorin@yandex.ru
Авандеева,Василиса,Игнатевна,26.09.1966,vasilisa1667,vasilisa1667@rambler.ru
Якимова,Алина,Филипповна,07.02.1996,alina07021996,alina07021996@outlook.com
Белкин,Федот,Геннадьевич,23.03.1960,fedot94,fedot94@ya.ru
Коршунов,Яков,Федорович,21.11.1992,yakov15,yakov15@hotmail.com
Ширинов,Виктор,Давидович,22.09.1987,viktor22091987,viktor22091987@ya.ru
Латышева,Лидия,Данииловна,03.12.1978,lidiya49,lidiya49@rambler.ru
Набойщиков,Павел,Никитович,07.08.1993,pavel1993,pavel1993@rambler.ru
Яковенцев,Константин,Степанович,02.10.1992,konstantin25,konstantin25@gmail.com
Михальченко,Василий,Денисович,02.07.1995,vasiliy.mihalchenko,vasiliy.mihalchenko@hotmail.com
Никандров,Адам,Ипполитович,07.03.1989,adam.nikandrov,adam.nikandrov@outlook.com
Яндашевский,Юлиан,Наумович,12.04.1995,yulian3586,yulian3586@ya.ru
Марина,Вера,Ипполитовна,19.11.1967,vera3992,vera3992@ya.ru
Яненко,Константин,Ильич,17.11.1995,konstantin7829,konstantin7829@mail.ru
Чернов,Леонтий,Иванович,25.05.1993,leontiy25051993,leontiy25051993@gmail.com
Земцовская,Жанна,Арсеньевна,20.03.1993,janna20031993,janna20031993@outlook.com
Гусарова,Александра,Семеновна,10.07.1968,aleksandra1968,aleksandra1968@yandex.ru
Цыганков,Давид,Дмитриевич,01.09.1980,david1980,david1980@outlook.com
Каржова,Нонна,Егоровна,26.09.1996,nonna8942,nonna8942@outlook.com
Викашева,Марьяна,Герасимовна,12.02.1993,maryana1993,maryana1993@rambler.ru
Янина,Лариса,Лльвона,23.12.1979,larisa23121979,larisa23121979@hotmail.com
Каржова,Наталия,Федоровна,11.01.1961,nataliya4700,nataliya4700@mail.ru
Эйлер,Виктория,Георгьевна,13.07.1961,viktoriya.eyler,viktoriya.eyler@outlook.com
Смышляева,Инна,Саввановна,22.05.1964,inna53,inna53@mail.ru
Шаронова,Ольга,Ивановна,01.06.1988,olga74,olga74@ya.ru
Антиповский,Арсений,Михайлович,18.08.1979,arseniy4248,arseniy4248@outlook.com
Жевлакова,Ева,Прокопьевна,16.11.1970,eva9857,eva9857@outlook.com
Якушин,Давид,Арсеньевич,16.03.1967,david16031967,david16031967@outlook.com
Килиса,Лариса,Ильиновна,19.12.1979,larisa99,larisa99@ya.ru
Голотин,Михаил,Алексеевич,22.01.1966,mihail91,mihail91@gmail.com
Анохин,Василий,Дмитриевич,02.05.1978,vasiliy3199,vasiliy3199@outlook.com
Геремеш,Александр,Яковлевич,20.09.1969,aleksandr74,aleksandr74@hotmail.com
Бердяева,Римма,Алексеевна,28.06.1983,rimma1983,rimma1983@hotmail.com
Бодров,Евгений,Петрович,03.07.1974,evgeniy03071974,evgeniy03071974@hotmail.com
Тамаркин,Феликс,Данилович,05.03.1986,feliks.tamarkin,feliks.tamarkin@gmail.com
Зимина,Ольга,Георгьевна,25.07.1987,olga25071987,olga25071987@rambler.ru
Картавая,Наталия,Семеновна,01.09.1968,nataliya01091968,nataliya01091968@hotmail.com
Ярошенко,Антон,Макарович,13.09.1979,anton7157,anton7157@rambler.ru
Ханинова,Лана,Вячеславовна,15.11.1964,lana1964,lana1964@gmail.com
Сергеевич,Зоя,Даниловна,27.07.1980,zoya27071980,zoya27071980@outlook.com
Гнусарев,Александр,Германович,13.05.1980,aleksandr1980,aleksandr1980@hotmail.com
Масленников,Григорий,Фадеевич,17.12.1985,grigoriy.maslennikov,grigoriy.maslennikov@outlook.com
Пороник,Севастьян,Климентьевич,19.01.1996,sevastyan1996,sevastyan1996@ya.ru
Гриневец,Константин,Георгиевич,08.10.1973,konstantin.grinevec,konstantin.grinevec@ya.ru
Черномырдин,Максим,Никанорович,16.08.1990,maksim16081990,maksim16081990@gmail.com
Калюта,Пелагея,Григориевна,07.02.1986,pelageya7266,pelageya7266@ya.ru
Голубкина,Зинаида,Ефимовна,25.02.1979,zinaida25021979,zinaida25021979@rambler.ru
Александров,Георгий,Романович,18.06.1972,georgiy.aleksandrov,georgiy.aleksandrov@rambler.ru
Филимонова,Алина,Венедиктовна,26.11.1969,alina1969,alina1969@mail.ru
Севастьянов,Игнат,Кириллович,20.09.1986,ignat99,ignat99@outlook.com
Бузыцкова,Клара,Вячеславовна,03.06.1972,klara18,klara18@outlook.com
Пономарёва,Варвара,Себастьяновна,23.11.1984,varvara3864,varvara3864@ya.ru
Стрельников,Артем,Григорьевич,15.12.1972,artem1972,artem1972@yandex.ru
Явленская,Юлиана,Юрьевна,10.12.1988,yuliana37,yuliana37@hotmail.com
Ельцин,Яков,Егорович,10.05.1966,yakov26,yakov26@rambler.ru
Ахтемиров,Афанасий,Николаевич,21.03.1981,afanasiy4964,afanasiy4964@yandex.ru
Анников,Феликс,Арсеньевич,11.05.1962,feliks94,feliks94@mail.ru
Колпакова,Ольга,Валентиновна,14.10.1964,olga14101964,olga14101964@gmail.com
Сиясинов,Ростислав,Семенович,07.07.1969,rostislav2176,rostislav2176@outlook.com
Александров,Георгий,Викторович,01.01.1985,georgiy34,georgiy34@ya.ru
Морошкин,Петр,Семенович,01.03.1983,petr.moroshkin,petr.moroshkin@yandex.ru
Щербинин,Федот,Герасимович,13.04.1968,fedot28,fedot28@mail.ru
Квасникова,Зоя,Петровна,06.04.1979,zoya06041979,zoya06041979@yandex.ru
Хигир,Аполлинария,Прохоровна,16.12.1980,apollinariya1980,apollinariya1980@ya.ru
Черкашина,Елизавета,Васильевна,27.05.1961,elizaveta9369,elizaveta9369@hotmail.com
Загидуллин,Виктор,Алексеевич,11.02.1989,viktor1989,viktor1989@hotmail.com
Аносов,Иннокентий,Тарасович,01.01.1972,innokentiy67,innokentiy67@rambler.ru
Синдеева,Полина,Николаевна,06.10.1962,polina.sindeeva,polina.sindeeva@mail.ru
Камалова,Афанасия,Петровна,05.11.1991,afanasiya.kamalova,afanasiya.kamalova@hotmail.com
Ковтунова,Ярослава,Кирилловна,18.10.1986,yaroslava1986,yaroslava1986@yandex.ru
Чекмарёва,Анфиса,Кузьминовна,06.12.1991,anfisa06121991,anfisa06121991@outlook.com
Пичушкин,Евгений,Геннадьевич,27.03.1990,evgeniy7387,evgeniy7387@mail.ru
Нустров,Трофим,Артемович,02.06.1972,trofim.nustrov,trofim.nustrov@ya.ru
Дьяченко,Нина,Данииловна,01.07.1968,nina3102,nina3102@mail.ru
Ланцов,Михаил,Филиппович,09.03.1976,mihail1976,mihail1976@ya.ru
Ивашов,Константин,Георгиевич,26.01.1996,konstantin26011996,konstantin26011996@yandex.ru
Ковшутин,Валентин,Степанович,01.08.1971,valentin19,valentin19@ya.ru
Погребной,Данила,Ипполитович,13.08.1969,danila9109,danila9109@outlook.com
Протасов,Степан,Никифорович,20.11.1988,stepan20111988,stepan20111988@outlook.com
Конаков,Валентин,Феликсович,14.02.1964,valentin1964,valentin1964@gmail.com
Карпюк,Григорий,Никанорович,26.01.1966,grigoriy4952,grigoriy4952@ya.ru
Мишин,Валерий,Максимович,09.11.1981,valeriy1981,valeriy1981@mail.ru
Корявин,Артем,Лаврентиич,06.04.1970,artem4559,artem4559@gmail.com
Лопатин,Прохор,Михайлович,27.11.1986,prohor18,prohor18@outlook.com
Пушкина,Людмила,Никаноровна,12.04.1985,lyudmila3945,lyudmila3945@hotmail.com
Абрашин,Константин,Романович,18.01.1960,konstantin18011960,konstantin18011960@outlook.com
Гавриленкова,Марьяна,Ефимовна,26.12.1989,maryana.gavrilenkova,maryana.gavrilenkova@outlook.com
Кочерёжкина,Ника,Николаевна,20.11.1960,nika.kocherejkina,nika.kocherejkina@yandex.ru
Муленко,Валентина,Александровна,26.05.1976,valentina1957,valentina1957@ya.ru
Масмех,Ярослава,Константиновна,19.06.1961,yaroslava.masmeh,yaroslava.masmeh@outlook.com
Зощенко,Кузьма,Арсеньевич,23.09.1976,kuzma25,kuzma25@outlook.com
Яхненко,Александр,Федорович,11.11.1986,aleksandr11111986,aleksandr11111986@mail.ru
Никоненко,Ася,Венедиктовна,26.07.1985,asya50,asya50@outlook.com
Кулаков,Валентин,Фадеевич,12.10.1981,valentin43,valentin43@ya.ru
Черепанов,Геннадий,Васильевич,08.07.1964,gennadiy1964,gennadiy1964@hotmail.com
Каменев,Семен,Нифонтович,27.08.1985,semen8407,semen8407@outlook.com
Анишина,Пелагея,Захаровна,05.10.1965,pelageya.anishina,pelageya.anishina@gmail.com
Мусорина,Марина,Леонтьевна,03.01.1993,marina03011993,marina03011993@hotmail.com
Сталина,Варвара,Никандровна,25.07.1995,varvara1995,varvara1995@gmail.com
Форофонтова,Настасья,Артемова,10.03.1972,nastasya7711,nastasya7711@yandex.ru
Рассказов,Аркадий,Иннокентиевич,24.10.1983,arkadiy1983,arkadiy1983@rambler.ru
Блаженнов,Иннокентий,Германович,17.03.1965,innokentiy1965,innokentiy1965@mail.ru
Набокова,Ева,Саввановна,17.05.1976,eva.nabokova,eva.nabokova@yandex.ru
Зимнякова,Ирина,Вячеславовна,12.11.1979,irina1979,irina1979@hotmail.com
Шевелев,Артем,Ефимович,12.02.1986,artem1986,artem1986@mail.ru
Никаев,Константин,Семенович,12.08.1976,konstantin5586,konstantin5586@outlook.com
Бурцова,Марфа,Георгьевна,23.01.1983,marfa1983,marfa1983@mail.ru
Ярный,Филипп,Ильич,11.05.1969,filipp1969,filipp1969@ya.ru
Спиридонова,Ника,Ираклиевна,16.05.1994,nika16051994,nika16051994@yandex.ru
Малахова,Аполлинария,Антоновна,23.02.1985,apollinariya1985,apollinariya1985@outlook.com
Яковченко,Любовь,Романовна,11.08.1993,lyubov73,lyubov73@mail.ru
Ягодникова,Ульяна,Леонидовна,26.05.1992,ulyana.yagodnikova,ulyana.yagodnikova@rambler.ru
Веденеева,Катерина,Порфирьевна,25.03.1966,katerina1966,katerina1966@yandex.ru
Буковский,Георгий,Порфирьевич,05.07.1976,georgiy47,georgiy47@outlook.com
Сиянчук,Роман,Гаврннлович,12.08.1996,roman1996,roman1996@outlook.com
Наполов,Алексей,Константинович,27.11.1961,aleksey56,aleksey56@mail.ru
Скороходова,Оксана,Никандровна,22.07.1992,oksana34,oksana34@rambler.ru
Свалова,Раиса,Егоровна,05.04.1961,raisa5456,raisa5456@gmail.com
Лызлов,Роман,Валерьевич,05.11.1990,roman.lyzlov,roman.lyzlov@ya.ru
Медведкова,Мила,Викторовна,23.03.1966,mila5162,mila5162@yandex.ru
Корнеев,Игнат,Семенович,07.11.1991,ignat24,ignat24@yandex.ru
Дуркина,Алена,Алексеевна,20.05.1971,alena53,alena53@gmail.com
Патрушев,Марк,Петрович,13.04.1974,mark13041974,mark13041974@rambler.ru
Рубцова,Ирина,Никифоровна,10.10.1978,irina3132,irina3132@yandex.ru
Анюкова,Марфа,Ивановна,24.01.1983,marfa24011983,marfa24011983@outlook.com
Кораблина,Ника,Ивановна,07.11.1989,nika07111989,nika07111989@yandex.ru
Дарбиняна,Мила,Наумовна,21.11.1965,mila5409,mila5409@mail.ru
Петрова,Елизавета,Петровна,19.06.1978,elizaveta1978,elizaveta1978@outlook.com
Сюсина,Марина,Филипповна,15.08.1982,marina1982,marina1982@outlook.com
Шкригунов,Иван,Федорович,25.09.1991,ivan1991,ivan1991@gmail.com
Тукай,Пелагея,Лукьяновна,26.03.1990,pelageya26031990,pelageya26031990@ya.ru
Евстигнеев,Василий,Степанович,06.03.1988,vasiliy13,vasiliy13@outlook.com
Набойченко,Николай,Вячеславович,25.09.1990,nikolay1990,nikolay1990@gmail.com
Мысляев,Федор,Юлианович,25.12.1983,fedor1983,fedor1983@ya.ru
Куклов,Федор,Федорович,13.03.1993,fedor13031993,fedor13031993@mail.ru
Булатов,Захар,Леонтьевич,01.11.1973,zahar78,zahar78@hotmail.com
Ячменьков,Иван,Юрьевич,23.04.1991,ivan4730,ivan4730@rambler.ru
Марина,Татьяна,Александровна,25.06.1987,tatyana11,tatyana11@gmail.com
Помелова,Евгения,Максимовна,23.07.1987,evgeniya23071987,evgeniya23071987@yandex.ru
Никитаев,Алексей,Георгиевич,21.06.1967,aleksey.nikitaev,aleksey.nikitaev@ya.ru
Крайнова,Евгения,Степановна,18.06.1994,evgeniya1994,evgeniya1994@gmail.com
Окулов,Адам,Кириллович,20.04.1980,adam95,adam95@hotmail.com
Тамаркин,Семен,Герасимович,12.04.1966,semen.tamarkin,semen.tamarkin@gmail.com
Андрюхин,Севастьян,Ефимович,03.10.1964,sevastyan70,sevastyan70@yandex.ru
Яковлев,Трофим,Николаевич,11.02.1975,trofim69,trofim69@hotmail.com
Борцов,Давид,Феоктистович,13.05.1970,david1970,david1970@outlook.com
Архипов,Александр,Ефимович,06.06.1993,aleksandr93,aleksandr93@rambler.ru
Эсмонд,Георгий,Феодосивич,15.07.1960,georgiy4792,georgiy4792@mail.ru
Устюжанина,Марьямна,Иннокентьевна,26.06.1987,maryamna1987,maryamna1987@mail.ru
Батищев,Петр,Адамович,05.01.1965,petr4436,petr4436@mail.ru
Хлебова,Светлана,Арсеньевна,17.09.1993,svetlana17091993,svetlana17091993@gmail.com
Юматова,Лариса,Павловна,14.03.1975,larisa19,larisa19@gmail.com
Цаплина,Вера,Феоктистовна,04.05.1989,vera1989,vera1989@ya.ru
Аносов,Герасим,Максимоич,11.05.1962,gerasim3433,gerasim3433@rambler.ru
Дернова,Пелагея,Степановна,19.11.1979,pelageya94,pelageya94@ya.ru
Лагутова,Зоя,Прохор,21.05.1966,zoya.lagutova,zoya.lagutova@rambler.ru
Чугунова,Евгения,Феоктистовна,22.03.1996,evgeniya97,evgeniya97@yandex.ru
Ярилин,Тимофей,Семенович,12.08.1971,timofey12081971,timofey12081971@ya.ru
Яндуткин,Захар,Федорович,23.09.1973,zahar.yandutkin,zahar.yandutkin@gmail.com
Саньков,Григорий,Алексеевич,02.08.1964,grigoriy02081964,grigoriy02081964@rambler.ru
Висенин,Виталий,Лукьевич,26.10.1975,vitaliy1975,vitaliy1975@rambler.ru
Нежданов,Федор,Лукьевич,10.08.1994,fedor53,fedor53@gmail.com
Колодезев,Кирилл,Филиппович,17.05.1964,kirill17051964,kirill17051964@rambler.ru
Ефремовича,Анна,Михайловна,14.01.1977,anna95,anna95@outlook.com
Шумов,Антон,Арсеньевич,25.07.1974,anton1974,anton1974@yandex.ru
Рудина,Катерина,Егоровна,13.08.1977,katerina5454,katerina5454@gmail.com
Савкина,Рада,Филипповна,14.11.1995,rada1995,rada1995@yandex.ru
Филипова,Раиса,Юлиановна,12.03.1962,raisa12031962,raisa12031962@rambler.ru
Янишевский,Федор,Витальевич,01.05.1986,fedor01051986,fedor01051986@yandex.ru
Бабурина,Анна,Михайловна,06.07.1992,anna06071992,anna06071992@gmail.com
Слобожанин,Афанасий,Антонрвич,01.07.1985,afanasiy01071985,afanasiy01071985@outlook.com
Савасина,Надежда,Юрьевна,10.09.1971,nadejda81,nadejda81@mail.ru
Шаповалов,Евгений,Ефимович,22.09.1979,evgeniy17,evgeniy17@rambler.ru
Полякова,Галина,Алексеевна,12.10.1961,galina.polyakova,galina.polyakova@hotmail.com
Кулагинская,Ксения,Якововна,28.03.1974,kseniya5817,kseniya5817@mail.ru
Петухов,Никифор,Климентович,06.08.1971,nikifor1971,nikifor1971@yandex.ru
Полотенцев,Марк,Аркадинович,27.02.1975,mark62,mark62@rambler.ru
Улицкий,Филипп,Иннокентиевич,02.06.1971,filipp02061971,filipp02061971@hotmail.com
Маринкин,Валентин,Викторович,05.09.1960,valentin05091960,valentin05091960@rambler.ru
Оскорбин,Тимофей,Юрьевич,25.08.1989,timofey25081989,timofey25081989@gmail.com
Лешев,Иннокентий,Ефремович,02.07.1968,innokentiy11,innokentiy11@rambler.ru
Горев,Тимофей,Прокопьевич,04.05.1989,timofey4309,timofey4309@mail.ru
